{"cameraMode":{"drawMode":0,"name":"Shaded","section":"Shading Mode"},"sceneLighting":false,"audioPlay":false,"sceneViewState":{"m_AlwaysRefresh":false,"showFog":true,"showSkybox":false,"showFlares":true,"showImageEffects":true,"showParticleSystems":true,"showVisualEffectGraphs":true,"m_FxEnabled":true},"in2DMode":false,"pivot":{"x":0.008354678750038147,"y":0.9755566120147705,"z":-1.7273821830749512},"rotation":{"x":0.10933343321084976,"y":-0.8784836530685425,"z":0.241710364818573,"w":0.3973722457885742},"size":1.2784416675567628,"orthographic":false}