{"cameraMode":{"drawMode":0,"name":"Shaded","section":"Shading Mode"},"sceneLighting":false,"audioPlay":false,"sceneViewState":{"m_AlwaysRefresh":false,"showFog":true,"showSkybox":false,"showFlares":true,"showImageEffects":true,"showParticleSystems":true,"showVisualEffectGraphs":true,"m_FxEnabled":true},"in2DMode":false,"pivot":{"x":0.21860815584659577,"y":0.04230475425720215,"z":0.0009262971580028534},"rotation":{"x":-0.17195840179920197,"y":-0.6671997308731079,"z":0.1624445915222168,"w":-0.7063616514205933},"size":0.5786531567573547,"orthographic":false}