{"cameraMode":{"drawMode":0,"name":"Shaded","section":"Shading Mode"},"sceneLighting":false,"audioPlay":false,"sceneViewState":{"m_AlwaysRefresh":false,"showFog":true,"showSkybox":false,"showFlares":true,"showImageEffects":true,"showParticleSystems":true,"showVisualEffectGraphs":true,"m_FxEnabled":true},"in2DMode":false,"pivot":{"x":0.4054105281829834,"y":0.13571453094482423,"z":6.332993507385254e-8},"rotation":{"x":-0.08712426573038101,"y":-0.04123298078775406,"z":0.0036091788206249477,"w":-0.9953377842903137},"size":2.057986259460449,"orthographic":false}