{"cameraMode":{"drawMode":0,"name":"Shaded","section":"Shading Mode"},"sceneLighting":false,"audioPlay":false,"sceneViewState":{"m_AlwaysRefresh":false,"showFog":true,"showSkybox":false,"showFlares":true,"showImageEffects":true,"showParticleSystems":true,"showVisualEffectGraphs":true,"m_FxEnabled":true},"in2DMode":false,"pivot":{"x":0.08808320760726929,"y":0.019118785858154298,"z":0.0031938254833221437},"rotation":{"x":-0.17195840179920197,"y":-0.6671997308731079,"z":0.1624445915222168,"w":-0.7063616514205933},"size":0.15942437946796418,"orthographic":false}