{"cameraMode":{"drawMode":0,"name":"Shaded","section":"Shading Mode"},"sceneLighting":false,"audioPlay":false,"sceneViewState":{"m_AlwaysRefresh":false,"showFog":true,"showSkybox":false,"showFlares":true,"showImageEffects":true,"showParticleSystems":true,"showVisualEffectGraphs":true,"m_FxEnabled":true},"in2DMode":false,"pivot":{"x":0.23841965198516847,"y":0.04240255057811737,"z":-0.00040504708886146545},"rotation":{"x":-0.17195840179920197,"y":-0.6671997308731079,"z":0.1624445915222168,"w":-0.7063616514205933},"size":0.6148391366004944,"orthographic":false}