{"cameraMode":{"drawMode":0,"name":"Shaded","section":"Shading Mode"},"sceneLighting":false,"audioPlay":false,"sceneViewState":{"m_AlwaysRefresh":false,"showFog":true,"showSkybox":false,"showFlares":true,"showImageEffects":true,"showParticleSystems":true,"showVisualEffectGraphs":true,"m_FxEnabled":true},"in2DMode":false,"pivot":{"x":-0.025613516569137574,"y":1.1496810913085938,"z":-4.567551136016846},"rotation":{"x":-0.1289222538471222,"y":-0.7246114015579224,"z":0.14110611379146577,"w":-0.6621687412261963},"size":1.0663988590240479,"orthographic":false}