{"cameraMode":{"drawMode":0,"name":"Shaded","section":"Shading Mode"},"sceneLighting":false,"audioPlay":false,"sceneViewState":{"m_AlwaysRefresh":false,"showFog":true,"showSkybox":false,"showFlares":true,"showImageEffects":true,"showParticleSystems":true,"showVisualEffectGraphs":true,"m_FxEnabled":true},"in2DMode":false,"pivot":{"x":0.807282030582428,"y":-0.08460503816604614,"z":0.0005667954683303833},"rotation":{"x":-0.1612326204776764,"y":-0.7029093503952026,"z":0.1686689853668213,"w":-0.6719570755958557},"size":0.7571169137954712,"orthographic":false}