{"cameraMode":{"drawMode":0,"name":"Shaded","section":"Shading Mode"},"sceneLighting":false,"audioPlay":false,"sceneViewState":{"m_AlwaysRefresh":false,"showFog":true,"showSkybox":false,"showFlares":true,"showImageEffects":true,"showParticleSystems":true,"showVisualEffectGraphs":true,"m_FxEnabled":true},"in2DMode":false,"pivot":{"x":0.21495382487773896,"y":0.02765434980392456,"z":-0.00040504708886146545},"rotation":{"x":-0.20280206203460694,"y":0.5984635353088379,"z":-0.16004376113414765,"w":-0.758353054523468},"size":0.8401263952255249,"orthographic":false}