{"cameraMode":{"drawMode":0,"name":"Shaded","section":"Shading Mode"},"sceneLighting":true,"audioPlay":false,"sceneViewState":{"m_AlwaysRefresh":false,"showFog":true,"showSkybox":true,"showFlares":true,"showImageEffects":true,"showParticleSystems":true,"showVisualEffectGraphs":true,"m_FxEnabled":true},"in2DMode":false,"pivot":{"x":-3.4867653846740724,"y":-0.04396772384643555,"z":-1.322738766670227},"rotation":{"x":-0.16943839192390443,"y":0.7751508951187134,"z":-0.23368306457996369,"w":-0.5620089173316956},"size":2.8973608016967775,"orthographic":false}