{"cameraMode":{"drawMode":0,"name":"Shaded","section":"Shading Mode"},"sceneLighting":true,"audioPlay":false,"sceneViewState":{"m_AlwaysRefresh":false,"showFog":true,"showSkybox":true,"showFlares":true,"showImageEffects":true,"showParticleSystems":true,"showVisualEffectGraphs":true,"m_FxEnabled":true},"in2DMode":false,"pivot":{"x":-0.03258785605430603,"y":2.291889190673828,"z":-1.1170896291732789},"rotation":{"x":-0.00030638620955869555,"y":-0.08692683279514313,"z":0.00004212345083942637,"w":-0.9962308406829834},"size":0.7702448964118958,"orthographic":false}